season,seasonType,week,startTime,awayTeam,homeTeam,status,venueName,venueCity,broadcastNetwork,isNeutralSite,sourceName,sourceType,sourceUrl,externalReference,notes
2026,PRE,1,2026-08-13T23:00:00Z,DET,CIN,SCHEDULED,,,,false,NFL.com 2026 Schedule,OFFICIAL_WEB,https://www.nfl.com/schedules/2026/by-week/preseason-week-1,nfl-2026-pre-w01-det-cin,
2026,PRE,1,2026-08-13T23:00:00Z,GB,PIT,SCHEDULED,,,NFL Network,false,NFL.com 2026 Schedule,OFFICIAL_WEB,https://www.nfl.com/schedules/2026/by-week/preseason-week-1,nfl-2026-pre-w01-gb-pit,
2026,PRE,1,2026-08-13T23:30:00Z,IND,NE,SCHEDULED,,,,false,NFL.com 2026 Schedule,OFFICIAL_WEB,https://www.nfl.com/schedules/2026/by-week/preseason-week-1,nfl-2026-pre-w01-ind-ne,
2026,PRE,1,2026-08-14T00:00:00Z,LAC,HOU,SCHEDULED,,,,false,NFL.com 2026 Schedule,OFFICIAL_WEB,https://www.nfl.com/schedules/2026/by-week/preseason-week-1,nfl-2026-pre-w01-lac-hou,
2026,PRE,1,2026-08-14T00:00:00Z,ARI,LV,SCHEDULED,,,,false,NFL.com 2026 Schedule,OFFICIAL_WEB,https://www.nfl.com/schedules/2026/by-week/preseason-week-1,nfl-2026-pre-w01-ari-lv,
2026,PRE,1,2026-08-14T01:00:00Z,TEN,SF,SCHEDULED,,,NFL Network,false,NFL.com 2026 Schedule,OFFICIAL_WEB,https://www.nfl.com/schedules/2026/by-week/preseason-week-1,nfl-2026-pre-w01-ten-sf,
2026,PRE,1,2026-08-14T23:00:00Z,DEN,ATL,SCHEDULED,,,,false,NFL.com 2026 Schedule,OFFICIAL_WEB,https://www.nfl.com/schedules/2026/by-week/preseason-week-1,nfl-2026-pre-w01-den-atl,
2026,PRE,1,2026-08-14T23:00:00Z,TB,NYJ,SCHEDULED,,,NFL Network,false,NFL.com 2026 Schedule,OFFICIAL_WEB,https://www.nfl.com/schedules/2026/by-week/preseason-week-1,nfl-2026-pre-w01-tb-nyj,
2026,PRE,1,2026-08-14T23:00:00Z,MIA,WAS,SCHEDULED,,,,false,NFL.com 2026 Schedule,OFFICIAL_WEB,https://www.nfl.com/schedules/2026/by-week/preseason-week-1,nfl-2026-pre-w01-mia-was,
2026,PRE,1,2026-08-15T17:00:00Z,CAR,BUF,SCHEDULED,,,,false,NFL.com 2026 Schedule,OFFICIAL_WEB,https://www.nfl.com/schedules/2026/by-week/preseason-week-1,nfl-2026-pre-w01-car-buf,
2026,PRE,1,2026-08-15T17:00:00Z,CLE,CHI,SCHEDULED,,,NFL Network,false,NFL.com 2026 Schedule,OFFICIAL_WEB,https://www.nfl.com/schedules/2026/by-week/preseason-week-1,nfl-2026-pre-w01-cle-chi,
2026,PRE,1,2026-08-15T17:00:00Z,MIN,NYG,SCHEDULED,,,,false,NFL.com 2026 Schedule,OFFICIAL_WEB,https://www.nfl.com/schedules/2026/by-week/preseason-week-1,nfl-2026-pre-w01-min-nyg,
2026,PRE,1,2026-08-15T20:00:00Z,LAR,KC,SCHEDULED,,,NFL Network,false,NFL.com 2026 Schedule,OFFICIAL_WEB,https://www.nfl.com/schedules/2026/by-week/preseason-week-1,nfl-2026-pre-w01-lar-kc,
2026,PRE,1,2026-08-15T20:00:00Z,JAX,NO,SCHEDULED,,,,false,NFL.com 2026 Schedule,OFFICIAL_WEB,https://www.nfl.com/schedules/2026/by-week/preseason-week-1,nfl-2026-pre-w01-jax-no,
2026,PRE,1,2026-08-15T23:00:00Z,PHI,BAL,SCHEDULED,,,,false,NFL.com 2026 Schedule,OFFICIAL_WEB,https://www.nfl.com/schedules/2026/by-week/preseason-week-1,nfl-2026-pre-w01-phi-bal,
2026,PRE,1,2026-08-16T00:00:00Z,DAL,SEA,SCHEDULED,,,NFL Network,false,NFL.com 2026 Schedule,OFFICIAL_WEB,https://www.nfl.com/schedules/2026/by-week/preseason-week-1,nfl-2026-pre-w01-dal-sea,
2026,PRE,2,2026-08-21T00:00:00Z,LV,HOU,SCHEDULED,,,ESPN,false,NFL.com 2026 Schedule,OFFICIAL_WEB,https://www.nfl.com/schedules/2026/by-week/preseason-week-2,nfl-2026-pre-w02-lv-hou,
2026,PRE,2,2026-08-21T02:00:00Z,SF,LAC,SCHEDULED,,,NFL Network,false,NFL.com 2026 Schedule,OFFICIAL_WEB,https://www.nfl.com/schedules/2026/by-week/preseason-week-2,nfl-2026-pre-w02-sf-lac,
2026,PRE,2,2026-08-21T23:00:00Z,NYJ,PIT,SCHEDULED,,,NFL Network,false,NFL.com 2026 Schedule,OFFICIAL_WEB,https://www.nfl.com/schedules/2026/by-week/preseason-week-2,nfl-2026-pre-w02-nyj-pit,
2026,PRE,2,2026-08-21T23:30:00Z,CAR,JAX,SCHEDULED,,,,false,NFL.com 2026 Schedule,OFFICIAL_WEB,https://www.nfl.com/schedules/2026/by-week/preseason-week-2,nfl-2026-pre-w02-car-jax,
2026,PRE,2,2026-08-22T01:00:00Z,GB,DEN,SCHEDULED,,,NFL Network,false,NFL.com 2026 Schedule,OFFICIAL_WEB,https://www.nfl.com/schedules/2026/by-week/preseason-week-2,nfl-2026-pre-w02-gb-den,
2026,PRE,2,2026-08-22T16:00:00Z,WAS,DET,SCHEDULED,,,,false,NFL.com 2026 Schedule,OFFICIAL_WEB,https://www.nfl.com/schedules/2026/by-week/preseason-week-2,nfl-2026-pre-w02-was-det,
2026,PRE,2,2026-08-22T17:00:00Z,BUF,CLE,SCHEDULED,,,NFL Network,false,NFL.com 2026 Schedule,OFFICIAL_WEB,https://www.nfl.com/schedules/2026/by-week/preseason-week-2,nfl-2026-pre-w02-buf-cle,
2026,PRE,2,2026-08-22T17:00:00Z,ATL,IND,SCHEDULED,,,,false,NFL.com 2026 Schedule,OFFICIAL_WEB,https://www.nfl.com/schedules/2026/by-week/preseason-week-2,nfl-2026-pre-w02-atl-ind,
2026,PRE,2,2026-08-22T17:00:00Z,BAL,MIN,SCHEDULED,,,,false,NFL.com 2026 Schedule,OFFICIAL_WEB,https://www.nfl.com/schedules/2026/by-week/preseason-week-2,nfl-2026-pre-w02-bal-min,
2026,PRE,2,2026-08-22T20:00:00Z,NO,LAR,SCHEDULED,,,,false,NFL.com 2026 Schedule,OFFICIAL_WEB,https://www.nfl.com/schedules/2026/by-week/preseason-week-2,nfl-2026-pre-w02-no-lar,
2026,PRE,2,2026-08-22T20:00:00Z,NYG,MIA,SCHEDULED,,,NFL Network,false,NFL.com 2026 Schedule,OFFICIAL_WEB,https://www.nfl.com/schedules/2026/by-week/preseason-week-2,nfl-2026-pre-w02-nyg-mia,
2026,PRE,2,2026-08-22T23:00:00Z,CHI,CIN,SCHEDULED,,,,false,NFL.com 2026 Schedule,OFFICIAL_WEB,https://www.nfl.com/schedules/2026/by-week/preseason-week-2,nfl-2026-pre-w02-chi-cin,
2026,PRE,2,2026-08-22T23:00:00Z,PHI,NE,SCHEDULED,,,NFL Network,false,NFL.com 2026 Schedule,OFFICIAL_WEB,https://www.nfl.com/schedules/2026/by-week/preseason-week-2,nfl-2026-pre-w02-phi-ne,
2026,PRE,2,2026-08-22T23:30:00Z,KC,TB,SCHEDULED,,,,false,NFL.com 2026 Schedule,OFFICIAL_WEB,https://www.nfl.com/schedules/2026/by-week/preseason-week-2,nfl-2026-pre-w02-kc-tb,
2026,PRE,2,2026-08-23T02:00:00Z,DAL,ARI,SCHEDULED,,,NFL Network,false,NFL.com 2026 Schedule,OFFICIAL_WEB,https://www.nfl.com/schedules/2026/by-week/preseason-week-2,nfl-2026-pre-w02-dal-ari,
2026,PRE,2,2026-08-24T00:00:00Z,SEA,TEN,SCHEDULED,,,FOX,false,NFL.com 2026 Schedule,OFFICIAL_WEB,https://www.nfl.com/schedules/2026/by-week/preseason-week-2,nfl-2026-pre-w02-sea-ten,
2026,PRE,3,2026-08-27T23:00:00Z,PIT,BUF,SCHEDULED,,,NFL Network,false,NFL.com 2026 Schedule,OFFICIAL_WEB,https://www.nfl.com/schedules/2026/by-week/preseason-week-3,nfl-2026-pre-w03-pit-buf,
2026,PRE,3,2026-08-28T00:00:00Z,NE,CLE,SCHEDULED,,,Prime Video,false,NFL.com 2026 Schedule,OFFICIAL_WEB,https://www.nfl.com/schedules/2026/by-week/preseason-week-3,nfl-2026-pre-w03-ne-cle,
2026,PRE,3,2026-08-28T00:00:00Z,SF,LV,SCHEDULED,,,,false,NFL.com 2026 Schedule,OFFICIAL_WEB,https://www.nfl.com/schedules/2026/by-week/preseason-week-3,nfl-2026-pre-w03-sf-lv,
2026,PRE,3,2026-08-28T02:00:00Z,LAR,LAC,SCHEDULED,,,NFL Network,false,NFL.com 2026 Schedule,OFFICIAL_WEB,https://www.nfl.com/schedules/2026/by-week/preseason-week-3,nfl-2026-pre-w03-lar-lac,
2026,PRE,3,2026-08-28T22:00:00Z,WAS,BAL,SCHEDULED,,,NFL Network,false,NFL.com 2026 Schedule,OFFICIAL_WEB,https://www.nfl.com/schedules/2026/by-week/preseason-week-3,nfl-2026-pre-w03-was-bal,
2026,PRE,3,2026-08-28T23:00:00Z,HOU,CAR,SCHEDULED,,,,false,NFL.com 2026 Schedule,OFFICIAL_WEB,https://www.nfl.com/schedules/2026/by-week/preseason-week-3,nfl-2026-pre-w03-hou-car,
2026,PRE,3,2026-08-28T23:00:00Z,ATL,MIA,SCHEDULED,,,,false,NFL.com 2026 Schedule,OFFICIAL_WEB,https://www.nfl.com/schedules/2026/by-week/preseason-week-3,nfl-2026-pre-w03-atl-mia,
2026,PRE,3,2026-08-28T23:30:00Z,TB,JAX,SCHEDULED,,,,false,NFL.com 2026 Schedule,OFFICIAL_WEB,https://www.nfl.com/schedules/2026/by-week/preseason-week-3,nfl-2026-pre-w03-tb-jax,
2026,PRE,3,2026-08-28T23:30:00Z,NYG,NYJ,SCHEDULED,,,,false,NFL.com 2026 Schedule,OFFICIAL_WEB,https://www.nfl.com/schedules/2026/by-week/preseason-week-3,nfl-2026-pre-w03-nyg-nyj,
2026,PRE,3,2026-08-29T00:00:00Z,NO,DAL,SCHEDULED,,,,false,NFL.com 2026 Schedule,OFFICIAL_WEB,https://www.nfl.com/schedules/2026/by-week/preseason-week-3,nfl-2026-pre-w03-no-dal,
2026,PRE,3,2026-08-29T00:00:00Z,SEA,KC,SCHEDULED,,,,false,NFL.com 2026 Schedule,OFFICIAL_WEB,https://www.nfl.com/schedules/2026/by-week/preseason-week-3,nfl-2026-pre-w03-sea-kc,
2026,PRE,3,2026-08-29T00:00:00Z,CIN,PHI,SCHEDULED,,,CBS,false,NFL.com 2026 Schedule,OFFICIAL_WEB,https://www.nfl.com/schedules/2026/by-week/preseason-week-3,nfl-2026-pre-w03-cin-phi,
2026,PRE,3,2026-08-29T00:00:00Z,ARI,GB,SCHEDULED,,,,false,NFL.com 2026 Schedule,OFFICIAL_WEB,https://www.nfl.com/schedules/2026/by-week/preseason-week-3,nfl-2026-pre-w03-ari-gb,
2026,PRE,3,2026-08-29T01:00:00Z,MIN,DEN,SCHEDULED,,,NFL Network,false,NFL.com 2026 Schedule,OFFICIAL_WEB,https://www.nfl.com/schedules/2026/by-week/preseason-week-3,nfl-2026-pre-w03-min-den,
2026,PRE,3,2026-08-29T17:00:00Z,DET,IND,SCHEDULED,,,NFL Network,false,NFL.com 2026 Schedule,OFFICIAL_WEB,https://www.nfl.com/schedules/2026/by-week/preseason-week-3,nfl-2026-pre-w03-det-ind,
2026,PRE,3,2026-08-29T22:00:00Z,CHI,TEN,SCHEDULED,,,NFL Network,false,NFL.com 2026 Schedule,OFFICIAL_WEB,https://www.nfl.com/schedules/2026/by-week/preseason-week-3,nfl-2026-pre-w03-chi-ten,
2026,REG,1,2026-09-10T00:20:00Z,NE,SEA,SCHEDULED,,,NBC,false,NFL.com 2026 Schedule,OFFICIAL_WEB,https://www.nfl.com/schedules/2026/by-week/week-1,nfl-2026-reg-w01-ne-sea,
2026,REG,1,2026-09-11T00:35:00Z,SF,LAR,SCHEDULED,Melbourne Cricket Ground,"Melbourne, Australia",Netflix,true,NFL.com 2026 Schedule,OFFICIAL_WEB,https://www.nfl.com/schedules/2026/by-week/week-1,nfl-2026-reg-w01-sf-lar,International game; venue verified against the official NFL international-games release.
2026,REG,1,2026-09-13T17:00:00Z,CHI,CAR,SCHEDULED,,,FOX,false,NFL.com 2026 Schedule,OFFICIAL_WEB,https://www.nfl.com/schedules/2026/by-week/week-1,nfl-2026-reg-w01-chi-car,
2026,REG,1,2026-09-13T17:00:00Z,TB,CIN,SCHEDULED,,,FOX,false,NFL.com 2026 Schedule,OFFICIAL_WEB,https://www.nfl.com/schedules/2026/by-week/week-1,nfl-2026-reg-w01-tb-cin,
2026,REG,1,2026-09-13T17:00:00Z,NO,DET,SCHEDULED,,,FOX,false,NFL.com 2026 Schedule,OFFICIAL_WEB,https://www.nfl.com/schedules/2026/by-week/week-1,nfl-2026-reg-w01-no-det,
2026,REG,1,2026-09-13T17:00:00Z,BUF,HOU,SCHEDULED,,,CBS,false,NFL.com 2026 Schedule,OFFICIAL_WEB,https://www.nfl.com/schedules/2026/by-week/week-1,nfl-2026-reg-w01-buf-hou,
2026,REG,1,2026-09-13T17:00:00Z,BAL,IND,SCHEDULED,,,CBS,false,NFL.com 2026 Schedule,OFFICIAL_WEB,https://www.nfl.com/schedules/2026/by-week/week-1,nfl-2026-reg-w01-bal-ind,
2026,REG,1,2026-09-13T17:00:00Z,CLE,JAX,SCHEDULED,,,CBS,false,NFL.com 2026 Schedule,OFFICIAL_WEB,https://www.nfl.com/schedules/2026/by-week/week-1,nfl-2026-reg-w01-cle-jax,
2026,REG,1,2026-09-13T17:00:00Z,ATL,PIT,SCHEDULED,,,FOX,false,NFL.com 2026 Schedule,OFFICIAL_WEB,https://www.nfl.com/schedules/2026/by-week/week-1,nfl-2026-reg-w01-atl-pit,
2026,REG,1,2026-09-13T17:00:00Z,NYJ,TEN,SCHEDULED,,,CBS,false,NFL.com 2026 Schedule,OFFICIAL_WEB,https://www.nfl.com/schedules/2026/by-week/week-1,nfl-2026-reg-w01-nyj-ten,
2026,REG,1,2026-09-13T20:25:00Z,ARI,LAC,SCHEDULED,,,CBS,false,NFL.com 2026 Schedule,OFFICIAL_WEB,https://www.nfl.com/schedules/2026/by-week/week-1,nfl-2026-reg-w01-ari-lac,
2026,REG,1,2026-09-13T20:25:00Z,MIA,LV,SCHEDULED,,,FOX,false,NFL.com 2026 Schedule,OFFICIAL_WEB,https://www.nfl.com/schedules/2026/by-week/week-1,nfl-2026-reg-w01-mia-lv,
2026,REG,1,2026-09-13T20:25:00Z,GB,MIN,SCHEDULED,,,CBS,false,NFL.com 2026 Schedule,OFFICIAL_WEB,https://www.nfl.com/schedules/2026/by-week/week-1,nfl-2026-reg-w01-gb-min,
2026,REG,1,2026-09-13T20:25:00Z,WAS,PHI,SCHEDULED,,,FOX,false,NFL.com 2026 Schedule,OFFICIAL_WEB,https://www.nfl.com/schedules/2026/by-week/week-1,nfl-2026-reg-w01-was-phi,
2026,REG,1,2026-09-14T00:20:00Z,DAL,NYG,SCHEDULED,,,NBC,false,NFL.com 2026 Schedule,OFFICIAL_WEB,https://www.nfl.com/schedules/2026/by-week/week-1,nfl-2026-reg-w01-dal-nyg,
2026,REG,1,2026-09-15T00:15:00Z,DEN,KC,SCHEDULED,,,ESPN,false,NFL.com 2026 Schedule,OFFICIAL_WEB,https://www.nfl.com/schedules/2026/by-week/week-1,nfl-2026-reg-w01-den-kc,
2026,REG,2,2026-09-18T00:15:00Z,DET,BUF,SCHEDULED,,,Prime Video,false,NFL.com 2026 Schedule,OFFICIAL_WEB,https://www.nfl.com/schedules/2026/by-week/week-2,nfl-2026-reg-w02-det-buf,
2026,REG,2,2026-09-20T17:00:00Z,CAR,ATL,SCHEDULED,,,FOX,false,NFL.com 2026 Schedule,OFFICIAL_WEB,https://www.nfl.com/schedules/2026/by-week/week-2,nfl-2026-reg-w02-car-atl,
2026,REG,2,2026-09-20T17:00:00Z,NO,BAL,SCHEDULED,,,CBS,false,NFL.com 2026 Schedule,OFFICIAL_WEB,https://www.nfl.com/schedules/2026/by-week/week-2,nfl-2026-reg-w02-no-bal,
2026,REG,2,2026-09-20T17:00:00Z,MIN,CHI,SCHEDULED,,,FOX,false,NFL.com 2026 Schedule,OFFICIAL_WEB,https://www.nfl.com/schedules/2026/by-week/week-2,nfl-2026-reg-w02-min-chi,
2026,REG,2,2026-09-20T17:00:00Z,CIN,HOU,SCHEDULED,,,CBS,false,NFL.com 2026 Schedule,OFFICIAL_WEB,https://www.nfl.com/schedules/2026/by-week/week-2,nfl-2026-reg-w02-cin-hou,
2026,REG,2,2026-09-20T17:00:00Z,PIT,NE,SCHEDULED,,,CBS,false,NFL.com 2026 Schedule,OFFICIAL_WEB,https://www.nfl.com/schedules/2026/by-week/week-2,nfl-2026-reg-w02-pit-ne,
2026,REG,2,2026-09-20T17:00:00Z,GB,NYJ,SCHEDULED,,,FOX,false,NFL.com 2026 Schedule,OFFICIAL_WEB,https://www.nfl.com/schedules/2026/by-week/week-2,nfl-2026-reg-w02-gb-nyj,
2026,REG,2,2026-09-20T17:00:00Z,CLE,TB,SCHEDULED,,,CBS,false,NFL.com 2026 Schedule,OFFICIAL_WEB,https://www.nfl.com/schedules/2026/by-week/week-2,nfl-2026-reg-w02-cle-tb,
2026,REG,2,2026-09-20T17:00:00Z,PHI,TEN,SCHEDULED,,,FOX,false,NFL.com 2026 Schedule,OFFICIAL_WEB,https://www.nfl.com/schedules/2026/by-week/week-2,nfl-2026-reg-w02-phi-ten,
2026,REG,2,2026-09-20T20:05:00Z,JAX,DEN,SCHEDULED,,,CBS,false,NFL.com 2026 Schedule,OFFICIAL_WEB,https://www.nfl.com/schedules/2026/by-week/week-2,nfl-2026-reg-w02-jax-den,
2026,REG,2,2026-09-20T20:05:00Z,LV,LAC,SCHEDULED,,,CBS,false,NFL.com 2026 Schedule,OFFICIAL_WEB,https://www.nfl.com/schedules/2026/by-week/week-2,nfl-2026-reg-w02-lv-lac,
2026,REG,2,2026-09-20T20:25:00Z,SEA,ARI,SCHEDULED,,,FOX,false,NFL.com 2026 Schedule,OFFICIAL_WEB,https://www.nfl.com/schedules/2026/by-week/week-2,nfl-2026-reg-w02-sea-ari,
2026,REG,2,2026-09-20T20:25:00Z,WAS,DAL,SCHEDULED,,,FOX,false,NFL.com 2026 Schedule,OFFICIAL_WEB,https://www.nfl.com/schedules/2026/by-week/week-2,nfl-2026-reg-w02-was-dal,
2026,REG,2,2026-09-20T20:25:00Z,MIA,SF,SCHEDULED,,,FOX,false,NFL.com 2026 Schedule,OFFICIAL_WEB,https://www.nfl.com/schedules/2026/by-week/week-2,nfl-2026-reg-w02-mia-sf,
2026,REG,2,2026-09-21T00:20:00Z,IND,KC,SCHEDULED,,,NBC,false,NFL.com 2026 Schedule,OFFICIAL_WEB,https://www.nfl.com/schedules/2026/by-week/week-2,nfl-2026-reg-w02-ind-kc,
2026,REG,2,2026-09-22T00:15:00Z,NYG,LAR,SCHEDULED,,,ESPN,false,NFL.com 2026 Schedule,OFFICIAL_WEB,https://www.nfl.com/schedules/2026/by-week/week-2,nfl-2026-reg-w02-nyg-lar,
2026,REG,3,2026-09-25T00:15:00Z,ATL,GB,SCHEDULED,,,Prime Video,false,NFL.com 2026 Schedule,OFFICIAL_WEB,https://www.nfl.com/schedules/2026/by-week/week-3,nfl-2026-reg-w03-atl-gb,
2026,REG,3,2026-09-27T17:00:00Z,LAC,BUF,SCHEDULED,,,FOX,false,NFL.com 2026 Schedule,OFFICIAL_WEB,https://www.nfl.com/schedules/2026/by-week/week-3,nfl-2026-reg-w03-lac-buf,
2026,REG,3,2026-09-27T17:00:00Z,CAR,CLE,SCHEDULED,,,FOX,false,NFL.com 2026 Schedule,OFFICIAL_WEB,https://www.nfl.com/schedules/2026/by-week/week-3,nfl-2026-reg-w03-car-cle,
2026,REG,3,2026-09-27T17:00:00Z,NYJ,DET,SCHEDULED,,,FOX,false,NFL.com 2026 Schedule,OFFICIAL_WEB,https://www.nfl.com/schedules/2026/by-week/week-3,nfl-2026-reg-w03-nyj-det,
2026,REG,3,2026-09-27T17:00:00Z,HOU,IND,SCHEDULED,,,CBS,false,NFL.com 2026 Schedule,OFFICIAL_WEB,https://www.nfl.com/schedules/2026/by-week/week-3,nfl-2026-reg-w03-hou-ind,
2026,REG,3,2026-09-27T17:00:00Z,NE,JAX,SCHEDULED,,,CBS,false,NFL.com 2026 Schedule,OFFICIAL_WEB,https://www.nfl.com/schedules/2026/by-week/week-3,nfl-2026-reg-w03-ne-jax,
2026,REG,3,2026-09-27T17:00:00Z,KC,MIA,SCHEDULED,,,CBS,false,NFL.com 2026 Schedule,OFFICIAL_WEB,https://www.nfl.com/schedules/2026/by-week/week-3,nfl-2026-reg-w03-kc-mia,
2026,REG,3,2026-09-27T17:00:00Z,TEN,NYG,SCHEDULED,,,CBS,false,NFL.com 2026 Schedule,OFFICIAL_WEB,https://www.nfl.com/schedules/2026/by-week/week-3,nfl-2026-reg-w03-ten-nyg,
2026,REG,3,2026-09-27T17:00:00Z,CIN,PIT,SCHEDULED,,,CBS,false,NFL.com 2026 Schedule,OFFICIAL_WEB,https://www.nfl.com/schedules/2026/by-week/week-3,nfl-2026-reg-w03-cin-pit,
2026,REG,3,2026-09-27T17:00:00Z,SEA,WAS,SCHEDULED,,,FOX,false,NFL.com 2026 Schedule,OFFICIAL_WEB,https://www.nfl.com/schedules/2026/by-week/week-3,nfl-2026-reg-w03-sea-was,
2026,REG,3,2026-09-27T20:05:00Z,ARI,SF,SCHEDULED,,,FOX,false,NFL.com 2026 Schedule,OFFICIAL_WEB,https://www.nfl.com/schedules/2026/by-week/week-3,nfl-2026-reg-w03-ari-sf,
2026,REG,3,2026-09-27T20:05:00Z,MIN,TB,SCHEDULED,,,FOX,false,NFL.com 2026 Schedule,OFFICIAL_WEB,https://www.nfl.com/schedules/2026/by-week/week-3,nfl-2026-reg-w03-min-tb,
2026,REG,3,2026-09-27T20:25:00Z,LV,NO,SCHEDULED,,,CBS,false,NFL.com 2026 Schedule,OFFICIAL_WEB,https://www.nfl.com/schedules/2026/by-week/week-3,nfl-2026-reg-w03-lv-no,
2026,REG,3,2026-09-27T20:25:00Z,BAL,DAL,SCHEDULED,Maracana Stadium,"Rio de Janeiro, Brazil",CBS,true,NFL.com 2026 Schedule,OFFICIAL_WEB,https://www.nfl.com/schedules/2026/by-week/week-3,nfl-2026-reg-w03-bal-dal,International game; venue verified against the official NFL international-games release.
2026,REG,3,2026-09-28T00:20:00Z,LAR,DEN,SCHEDULED,,,NBC,false,NFL.com 2026 Schedule,OFFICIAL_WEB,https://www.nfl.com/schedules/2026/by-week/week-3,nfl-2026-reg-w03-lar-den,
2026,REG,3,2026-09-29T00:15:00Z,PHI,CHI,SCHEDULED,,,ESPN,false,NFL.com 2026 Schedule,OFFICIAL_WEB,https://www.nfl.com/schedules/2026/by-week/week-3,nfl-2026-reg-w03-phi-chi,
2026,REG,4,2026-10-02T00:15:00Z,PIT,CLE,SCHEDULED,,,Prime Video,false,NFL.com 2026 Schedule,OFFICIAL_WEB,https://www.nfl.com/schedules/2026/by-week/week-4,nfl-2026-reg-w04-pit-cle,
2026,REG,4,2026-10-04T13:30:00Z,IND,WAS,SCHEDULED,Tottenham Hotspur Stadium,"London, England",NFL Network,true,NFL.com 2026 Schedule,OFFICIAL_WEB,https://www.nfl.com/schedules/2026/by-week/week-4,nfl-2026-reg-w04-ind-was,International game; venue verified against the official NFL international-games release.
2026,REG,4,2026-10-04T17:00:00Z,TEN,BAL,SCHEDULED,,,CBS,false,NFL.com 2026 Schedule,OFFICIAL_WEB,https://www.nfl.com/schedules/2026/by-week/week-4,nfl-2026-reg-w04-ten-bal,
2026,REG,4,2026-10-04T17:00:00Z,NE,BUF,SCHEDULED,,,CBS,false,NFL.com 2026 Schedule,OFFICIAL_WEB,https://www.nfl.com/schedules/2026/by-week/week-4,nfl-2026-reg-w04-ne-buf,
2026,REG,4,2026-10-04T17:00:00Z,NYJ,CHI,SCHEDULED,,,FOX,false,NFL.com 2026 Schedule,OFFICIAL_WEB,https://www.nfl.com/schedules/2026/by-week/week-4,nfl-2026-reg-w04-nyj-chi,
2026,REG,4,2026-10-04T17:00:00Z,JAX,CIN,SCHEDULED,,,CBS,false,NFL.com 2026 Schedule,OFFICIAL_WEB,https://www.nfl.com/schedules/2026/by-week/week-4,nfl-2026-reg-w04-jax-cin,
2026,REG,4,2026-10-04T17:00:00Z,DAL,HOU,SCHEDULED,,,FOX,false,NFL.com 2026 Schedule,OFFICIAL_WEB,https://www.nfl.com/schedules/2026/by-week/week-4,nfl-2026-reg-w04-dal-hou,
2026,REG,4,2026-10-04T17:00:00Z,ARI,NYG,SCHEDULED,,,CBS,false,NFL.com 2026 Schedule,OFFICIAL_WEB,https://www.nfl.com/schedules/2026/by-week/week-4,nfl-2026-reg-w04-ari-nyg,
2026,REG,4,2026-10-04T17:00:00Z,LAR,PHI,SCHEDULED,,,FOX,false,NFL.com 2026 Schedule,OFFICIAL_WEB,https://www.nfl.com/schedules/2026/by-week/week-4,nfl-2026-reg-w04-lar-phi,
2026,REG,4,2026-10-04T17:00:00Z,GB,TB,SCHEDULED,,,FOX,false,NFL.com 2026 Schedule,OFFICIAL_WEB,https://www.nfl.com/schedules/2026/by-week/week-4,nfl-2026-reg-w04-gb-tb,
2026,REG,4,2026-10-04T20:05:00Z,MIA,MIN,SCHEDULED,,,FOX,false,NFL.com 2026 Schedule,OFFICIAL_WEB,https://www.nfl.com/schedules/2026/by-week/week-4,nfl-2026-reg-w04-mia-min,
2026,REG,4,2026-10-04T20:25:00Z,KC,LV,SCHEDULED,,,CBS,false,NFL.com 2026 Schedule,OFFICIAL_WEB,https://www.nfl.com/schedules/2026/by-week/week-4,nfl-2026-reg-w04-kc-lv,
2026,REG,4,2026-10-04T20:25:00Z,LAC,SEA,SCHEDULED,,,CBS,false,NFL.com 2026 Schedule,OFFICIAL_WEB,https://www.nfl.com/schedules/2026/by-week/week-4,nfl-2026-reg-w04-lac-sea,
2026,REG,4,2026-10-04T20:25:00Z,DEN,SF,SCHEDULED,,,CBS,false,NFL.com 2026 Schedule,OFFICIAL_WEB,https://www.nfl.com/schedules/2026/by-week/week-4,nfl-2026-reg-w04-den-sf,
2026,REG,4,2026-10-05T00:20:00Z,DET,CAR,SCHEDULED,,,NBC,false,NFL.com 2026 Schedule,OFFICIAL_WEB,https://www.nfl.com/schedules/2026/by-week/week-4,nfl-2026-reg-w04-det-car,
2026,REG,4,2026-10-06T00:15:00Z,ATL,NO,SCHEDULED,,,ESPN,false,NFL.com 2026 Schedule,OFFICIAL_WEB,https://www.nfl.com/schedules/2026/by-week/week-4,nfl-2026-reg-w04-atl-no,
2026,REG,5,2026-10-09T00:15:00Z,TB,DAL,SCHEDULED,,,Prime Video,false,NFL.com 2026 Schedule,OFFICIAL_WEB,https://www.nfl.com/schedules/2026/by-week/week-5,nfl-2026-reg-w05-tb-dal,
2026,REG,5,2026-10-11T13:30:00Z,PHI,JAX,SCHEDULED,Tottenham Hotspur Stadium,"London, England",NFL Network,true,NFL.com 2026 Schedule,OFFICIAL_WEB,https://www.nfl.com/schedules/2026/by-week/week-5,nfl-2026-reg-w05-phi-jax,International game; venue verified against the official NFL international-games release.
2026,REG,5,2026-10-11T17:00:00Z,CIN,MIA,SCHEDULED,,,FOX,false,NFL.com 2026 Schedule,OFFICIAL_WEB,https://www.nfl.com/schedules/2026/by-week/week-5,nfl-2026-reg-w05-cin-mia,
2026,REG,5,2026-10-11T17:00:00Z,LV,NE,SCHEDULED,,,CBS,false,NFL.com 2026 Schedule,OFFICIAL_WEB,https://www.nfl.com/schedules/2026/by-week/week-5,nfl-2026-reg-w05-lv-ne,
2026,REG,5,2026-10-11T17:00:00Z,MIN,NO,SCHEDULED,,,FOX,false,NFL.com 2026 Schedule,OFFICIAL_WEB,https://www.nfl.com/schedules/2026/by-week/week-5,nfl-2026-reg-w05-min-no,
2026,REG,5,2026-10-11T17:00:00Z,CLE,NYJ,SCHEDULED,,,CBS,false,NFL.com 2026 Schedule,OFFICIAL_WEB,https://www.nfl.com/schedules/2026/by-week/week-5,nfl-2026-reg-w05-cle-nyj,
2026,REG,5,2026-10-11T17:00:00Z,IND,PIT,SCHEDULED,,,CBS,false,NFL.com 2026 Schedule,OFFICIAL_WEB,https://www.nfl.com/schedules/2026/by-week/week-5,nfl-2026-reg-w05-ind-pit,
2026,REG,5,2026-10-11T17:00:00Z,HOU,TEN,SCHEDULED,,,CBS,false,NFL.com 2026 Schedule,OFFICIAL_WEB,https://www.nfl.com/schedules/2026/by-week/week-5,nfl-2026-reg-w05-hou-ten,
2026,REG,5,2026-10-11T17:00:00Z,NYG,WAS,SCHEDULED,,,FOX,false,NFL.com 2026 Schedule,OFFICIAL_WEB,https://www.nfl.com/schedules/2026/by-week/week-5,nfl-2026-reg-w05-nyg-was,
2026,REG,5,2026-10-11T20:05:00Z,DEN,LAC,SCHEDULED,,,CBS,false,NFL.com 2026 Schedule,OFFICIAL_WEB,https://www.nfl.com/schedules/2026/by-week/week-5,nfl-2026-reg-w05-den-lac,
2026,REG,5,2026-10-11T20:25:00Z,DET,ARI,SCHEDULED,,,FOX,false,NFL.com 2026 Schedule,OFFICIAL_WEB,https://www.nfl.com/schedules/2026/by-week/week-5,nfl-2026-reg-w05-det-ari,
2026,REG,5,2026-10-11T20:25:00Z,CHI,GB,SCHEDULED,,,FOX,false,NFL.com 2026 Schedule,OFFICIAL_WEB,https://www.nfl.com/schedules/2026/by-week/week-5,nfl-2026-reg-w05-chi-gb,
2026,REG,5,2026-10-11T20:25:00Z,SF,SEA,SCHEDULED,,,FOX,false,NFL.com 2026 Schedule,OFFICIAL_WEB,https://www.nfl.com/schedules/2026/by-week/week-5,nfl-2026-reg-w05-sf-sea,
2026,REG,5,2026-10-12T00:20:00Z,BAL,ATL,SCHEDULED,,,NBC,false,NFL.com 2026 Schedule,OFFICIAL_WEB,https://www.nfl.com/schedules/2026/by-week/week-5,nfl-2026-reg-w05-bal-atl,
2026,REG,5,2026-10-13T00:15:00Z,BUF,LAR,SCHEDULED,,,ESPN,false,NFL.com 2026 Schedule,OFFICIAL_WEB,https://www.nfl.com/schedules/2026/by-week/week-5,nfl-2026-reg-w05-buf-lar,
2026,REG,6,2026-10-16T00:15:00Z,SEA,DEN,SCHEDULED,,,Prime Video,false,NFL.com 2026 Schedule,OFFICIAL_WEB,https://www.nfl.com/schedules/2026/by-week/week-6,nfl-2026-reg-w06-sea-den,
2026,REG,6,2026-10-18T13:30:00Z,HOU,JAX,SCHEDULED,Wembley Stadium,"London, England",NFL Network,true,NFL.com 2026 Schedule,OFFICIAL_WEB,https://www.nfl.com/schedules/2026/by-week/week-6,nfl-2026-reg-w06-hou-jax,International game; venue verified against the official NFL international-games release.
2026,REG,6,2026-10-18T17:00:00Z,CHI,ATL,SCHEDULED,,,FOX,false,NFL.com 2026 Schedule,OFFICIAL_WEB,https://www.nfl.com/schedules/2026/by-week/week-6,nfl-2026-reg-w06-chi-atl,
2026,REG,6,2026-10-18T17:00:00Z,BAL,CLE,SCHEDULED,,,FOX,false,NFL.com 2026 Schedule,OFFICIAL_WEB,https://www.nfl.com/schedules/2026/by-week/week-6,nfl-2026-reg-w06-bal-cle,
2026,REG,6,2026-10-18T17:00:00Z,TEN,IND,SCHEDULED,,,FOX,false,NFL.com 2026 Schedule,OFFICIAL_WEB,https://www.nfl.com/schedules/2026/by-week/week-6,nfl-2026-reg-w06-ten-ind,
2026,REG,6,2026-10-18T17:00:00Z,NYJ,NE,SCHEDULED,,,CBS,false,NFL.com 2026 Schedule,OFFICIAL_WEB,https://www.nfl.com/schedules/2026/by-week/week-6,nfl-2026-reg-w06-nyj-ne,
2026,REG,6,2026-10-18T17:00:00Z,NO,NYG,SCHEDULED,,,FOX,false,NFL.com 2026 Schedule,OFFICIAL_WEB,https://www.nfl.com/schedules/2026/by-week/week-6,nfl-2026-reg-w06-no-nyg,
2026,REG,6,2026-10-18T17:00:00Z,CAR,PHI,SCHEDULED,,,CBS,false,NFL.com 2026 Schedule,OFFICIAL_WEB,https://www.nfl.com/schedules/2026/by-week/week-6,nfl-2026-reg-w06-car-phi,
2026,REG,6,2026-10-18T17:00:00Z,PIT,TB,SCHEDULED,,,CBS,false,NFL.com 2026 Schedule,OFFICIAL_WEB,https://www.nfl.com/schedules/2026/by-week/week-6,nfl-2026-reg-w06-pit-tb,
2026,REG,6,2026-10-18T20:05:00Z,ARI,LAR,SCHEDULED,,,FOX,false,NFL.com 2026 Schedule,OFFICIAL_WEB,https://www.nfl.com/schedules/2026/by-week/week-6,nfl-2026-reg-w06-ari-lar,
2026,REG,6,2026-10-18T20:25:00Z,LAC,KC,SCHEDULED,,,CBS,false,NFL.com 2026 Schedule,OFFICIAL_WEB,https://www.nfl.com/schedules/2026/by-week/week-6,nfl-2026-reg-w06-lac-kc,
2026,REG,6,2026-10-18T20:25:00Z,BUF,LV,SCHEDULED,,,CBS,false,NFL.com 2026 Schedule,OFFICIAL_WEB,https://www.nfl.com/schedules/2026/by-week/week-6,nfl-2026-reg-w06-buf-lv,
2026,REG,6,2026-10-19T00:20:00Z,DAL,GB,SCHEDULED,,,NBC,false,NFL.com 2026 Schedule,OFFICIAL_WEB,https://www.nfl.com/schedules/2026/by-week/week-6,nfl-2026-reg-w06-dal-gb,
2026,REG,6,2026-10-20T00:15:00Z,WAS,SF,SCHEDULED,,,ESPN,false,NFL.com 2026 Schedule,OFFICIAL_WEB,https://www.nfl.com/schedules/2026/by-week/week-6,nfl-2026-reg-w06-was-sf,
2026,REG,7,2026-10-23T00:15:00Z,NE,CHI,SCHEDULED,,,Prime Video,false,NFL.com 2026 Schedule,OFFICIAL_WEB,https://www.nfl.com/schedules/2026/by-week/week-7,nfl-2026-reg-w07-ne-chi,
2026,REG,7,2026-10-25T13:30:00Z,PIT,NO,SCHEDULED,Stade de France,"Paris, France",NFL Network,true,NFL.com 2026 Schedule,OFFICIAL_WEB,https://www.nfl.com/schedules/2026/by-week/week-7,nfl-2026-reg-w07-pit-no,International game; venue verified against the official NFL international-games release.
2026,REG,7,2026-10-25T17:00:00Z,SF,ATL,SCHEDULED,,,FOX,false,NFL.com 2026 Schedule,OFFICIAL_WEB,https://www.nfl.com/schedules/2026/by-week/week-7,nfl-2026-reg-w07-sf-atl,
2026,REG,7,2026-10-25T17:00:00Z,CIN,BAL,SCHEDULED,,,CBS,false,NFL.com 2026 Schedule,OFFICIAL_WEB,https://www.nfl.com/schedules/2026/by-week/week-7,nfl-2026-reg-w07-cin-bal,
2026,REG,7,2026-10-25T17:00:00Z,TB,CAR,SCHEDULED,,,FOX,false,NFL.com 2026 Schedule,OFFICIAL_WEB,https://www.nfl.com/schedules/2026/by-week/week-7,nfl-2026-reg-w07-tb-car,
2026,REG,7,2026-10-25T17:00:00Z,NYG,HOU,SCHEDULED,,,FOX,false,NFL.com 2026 Schedule,OFFICIAL_WEB,https://www.nfl.com/schedules/2026/by-week/week-7,nfl-2026-reg-w07-nyg-hou,
2026,REG,7,2026-10-25T17:00:00Z,IND,MIN,SCHEDULED,,,CBS,false,NFL.com 2026 Schedule,OFFICIAL_WEB,https://www.nfl.com/schedules/2026/by-week/week-7,nfl-2026-reg-w07-ind-min,
2026,REG,7,2026-10-25T17:00:00Z,MIA,NYJ,SCHEDULED,,,CBS,false,NFL.com 2026 Schedule,OFFICIAL_WEB,https://www.nfl.com/schedules/2026/by-week/week-7,nfl-2026-reg-w07-mia-nyj,
2026,REG,7,2026-10-25T17:00:00Z,CLE,TEN,SCHEDULED,,,CBS,false,NFL.com 2026 Schedule,OFFICIAL_WEB,https://www.nfl.com/schedules/2026/by-week/week-7,nfl-2026-reg-w07-cle-ten,
2026,REG,7,2026-10-25T20:05:00Z,DEN,ARI,SCHEDULED,,,CBS,false,NFL.com 2026 Schedule,OFFICIAL_WEB,https://www.nfl.com/schedules/2026/by-week/week-7,nfl-2026-reg-w07-den-ari,
2026,REG,7,2026-10-25T20:25:00Z,GB,DET,SCHEDULED,,,FOX,false,NFL.com 2026 Schedule,OFFICIAL_WEB,https://www.nfl.com/schedules/2026/by-week/week-7,nfl-2026-reg-w07-gb-det,
2026,REG,7,2026-10-25T20:25:00Z,LAR,LV,SCHEDULED,,,FOX,false,NFL.com 2026 Schedule,OFFICIAL_WEB,https://www.nfl.com/schedules/2026/by-week/week-7,nfl-2026-reg-w07-lar-lv,
2026,REG,7,2026-10-26T00:20:00Z,KC,SEA,SCHEDULED,,,NBC,false,NFL.com 2026 Schedule,OFFICIAL_WEB,https://www.nfl.com/schedules/2026/by-week/week-7,nfl-2026-reg-w07-kc-sea,
2026,REG,7,2026-10-27T00:15:00Z,DAL,PHI,SCHEDULED,,,ESPN,false,NFL.com 2026 Schedule,OFFICIAL_WEB,https://www.nfl.com/schedules/2026/by-week/week-7,nfl-2026-reg-w07-dal-phi,
2026,REG,8,2026-10-30T00:15:00Z,CAR,GB,SCHEDULED,,,Prime Video,false,NFL.com 2026 Schedule,OFFICIAL_WEB,https://www.nfl.com/schedules/2026/by-week/week-8,nfl-2026-reg-w08-car-gb,
2026,REG,8,2026-11-01T18:00:00Z,BAL,BUF,SCHEDULED,,,CBS,false,NFL.com 2026 Schedule,OFFICIAL_WEB,https://www.nfl.com/schedules/2026/by-week/week-8,nfl-2026-reg-w08-bal-buf,
2026,REG,8,2026-11-01T18:00:00Z,TEN,CIN,SCHEDULED,,,CBS,false,NFL.com 2026 Schedule,OFFICIAL_WEB,https://www.nfl.com/schedules/2026/by-week/week-8,nfl-2026-reg-w08-ten-cin,
2026,REG,8,2026-11-01T18:00:00Z,ARI,DAL,SCHEDULED,,,FOX,false,NFL.com 2026 Schedule,OFFICIAL_WEB,https://www.nfl.com/schedules/2026/by-week/week-8,nfl-2026-reg-w08-ari-dal,
2026,REG,8,2026-11-01T18:00:00Z,MIN,DET,SCHEDULED,,,FOX,false,NFL.com 2026 Schedule,OFFICIAL_WEB,https://www.nfl.com/schedules/2026/by-week/week-8,nfl-2026-reg-w08-min-det,
2026,REG,8,2026-11-01T18:00:00Z,IND,JAX,SCHEDULED,,,CBS,false,NFL.com 2026 Schedule,OFFICIAL_WEB,https://www.nfl.com/schedules/2026/by-week/week-8,nfl-2026-reg-w08-ind-jax,
2026,REG,8,2026-11-01T18:00:00Z,LV,NYJ,SCHEDULED,,,FOX,false,NFL.com 2026 Schedule,OFFICIAL_WEB,https://www.nfl.com/schedules/2026/by-week/week-8,nfl-2026-reg-w08-lv-nyj,
2026,REG,8,2026-11-01T18:00:00Z,CLE,PIT,SCHEDULED,,,CBS,false,NFL.com 2026 Schedule,OFFICIAL_WEB,https://www.nfl.com/schedules/2026/by-week/week-8,nfl-2026-reg-w08-cle-pit,
2026,REG,8,2026-11-01T18:00:00Z,ATL,TB,SCHEDULED,,,FOX,false,NFL.com 2026 Schedule,OFFICIAL_WEB,https://www.nfl.com/schedules/2026/by-week/week-8,nfl-2026-reg-w08-atl-tb,
2026,REG,8,2026-11-01T21:05:00Z,LAC,LAR,SCHEDULED,,,FOX,false,NFL.com 2026 Schedule,OFFICIAL_WEB,https://www.nfl.com/schedules/2026/by-week/week-8,nfl-2026-reg-w08-lac-lar,
2026,REG,8,2026-11-01T21:25:00Z,KC,DEN,SCHEDULED,,,CBS,false,NFL.com 2026 Schedule,OFFICIAL_WEB,https://www.nfl.com/schedules/2026/by-week/week-8,nfl-2026-reg-w08-kc-den,
2026,REG,8,2026-11-01T21:25:00Z,NE,MIA,SCHEDULED,,,CBS,false,NFL.com 2026 Schedule,OFFICIAL_WEB,https://www.nfl.com/schedules/2026/by-week/week-8,nfl-2026-reg-w08-ne-mia,
2026,REG,8,2026-11-02T01:20:00Z,PHI,WAS,SCHEDULED,,,NBC,false,NFL.com 2026 Schedule,OFFICIAL_WEB,https://www.nfl.com/schedules/2026/by-week/week-8,nfl-2026-reg-w08-phi-was,
2026,REG,8,2026-11-03T01:15:00Z,CHI,SEA,SCHEDULED,,,ESPN,false,NFL.com 2026 Schedule,OFFICIAL_WEB,https://www.nfl.com/schedules/2026/by-week/week-8,nfl-2026-reg-w08-chi-sea,
2026,REG,9,2026-11-06T01:15:00Z,JAX,BAL,SCHEDULED,,,Prime Video,false,NFL.com 2026 Schedule,OFFICIAL_WEB,https://www.nfl.com/schedules/2026/by-week/week-9,nfl-2026-reg-w09-jax-bal,
2026,REG,9,2026-11-08T14:30:00Z,CIN,ATL,SCHEDULED,Bernabeu Stadium,"Madrid, Spain",NFL Network,true,NFL.com 2026 Schedule,OFFICIAL_WEB,https://www.nfl.com/schedules/2026/by-week/week-9,nfl-2026-reg-w09-cin-atl,International game; venue verified against the official NFL international-games release.
2026,REG,9,2026-11-08T18:00:00Z,DEN,CAR,SCHEDULED,,,CBS,false,NFL.com 2026 Schedule,OFFICIAL_WEB,https://www.nfl.com/schedules/2026/by-week/week-9,nfl-2026-reg-w09-den-car,
2026,REG,9,2026-11-08T18:00:00Z,DAL,IND,SCHEDULED,,,FOX,false,NFL.com 2026 Schedule,OFFICIAL_WEB,https://www.nfl.com/schedules/2026/by-week/week-9,nfl-2026-reg-w09-dal-ind,
2026,REG,9,2026-11-08T18:00:00Z,NYJ,KC,SCHEDULED,,,CBS,false,NFL.com 2026 Schedule,OFFICIAL_WEB,https://www.nfl.com/schedules/2026/by-week/week-9,nfl-2026-reg-w09-nyj-kc,
2026,REG,9,2026-11-08T18:00:00Z,DET,MIA,SCHEDULED,,,FOX,false,NFL.com 2026 Schedule,OFFICIAL_WEB,https://www.nfl.com/schedules/2026/by-week/week-9,nfl-2026-reg-w09-det-mia,
2026,REG,9,2026-11-08T18:00:00Z,CLE,NO,SCHEDULED,,,CBS,false,NFL.com 2026 Schedule,OFFICIAL_WEB,https://www.nfl.com/schedules/2026/by-week/week-9,nfl-2026-reg-w09-cle-no,
2026,REG,9,2026-11-08T18:00:00Z,NYG,PHI,SCHEDULED,,,FOX,false,NFL.com 2026 Schedule,OFFICIAL_WEB,https://www.nfl.com/schedules/2026/by-week/week-9,nfl-2026-reg-w09-nyg-phi,
2026,REG,9,2026-11-08T18:00:00Z,LAR,WAS,SCHEDULED,,,FOX,false,NFL.com 2026 Schedule,OFFICIAL_WEB,https://www.nfl.com/schedules/2026/by-week/week-9,nfl-2026-reg-w09-lar-was,
2026,REG,9,2026-11-08T21:05:00Z,HOU,LAC,SCHEDULED,,,CBS,false,NFL.com 2026 Schedule,OFFICIAL_WEB,https://www.nfl.com/schedules/2026/by-week/week-9,nfl-2026-reg-w09-hou-lac,
2026,REG,9,2026-11-08T21:05:00Z,LV,SF,SCHEDULED,,,CBS,false,NFL.com 2026 Schedule,OFFICIAL_WEB,https://www.nfl.com/schedules/2026/by-week/week-9,nfl-2026-reg-w09-lv-sf,
2026,REG,9,2026-11-08T21:25:00Z,GB,NE,SCHEDULED,,,FOX,false,NFL.com 2026 Schedule,OFFICIAL_WEB,https://www.nfl.com/schedules/2026/by-week/week-9,nfl-2026-reg-w09-gb-ne,
2026,REG,9,2026-11-08T21:25:00Z,ARI,SEA,SCHEDULED,,,FOX,false,NFL.com 2026 Schedule,OFFICIAL_WEB,https://www.nfl.com/schedules/2026/by-week/week-9,nfl-2026-reg-w09-ari-sea,
2026,REG,9,2026-11-09T01:20:00Z,TB,CHI,SCHEDULED,,,NBC,false,NFL.com 2026 Schedule,OFFICIAL_WEB,https://www.nfl.com/schedules/2026/by-week/week-9,nfl-2026-reg-w09-tb-chi,
2026,REG,9,2026-11-10T01:15:00Z,BUF,MIN,SCHEDULED,,,ESPN,false,NFL.com 2026 Schedule,OFFICIAL_WEB,https://www.nfl.com/schedules/2026/by-week/week-9,nfl-2026-reg-w09-buf-min,
2026,REG,10,2026-11-13T01:15:00Z,WAS,NYG,SCHEDULED,,,Prime Video,false,NFL.com 2026 Schedule,OFFICIAL_WEB,https://www.nfl.com/schedules/2026/by-week/week-10,nfl-2026-reg-w10-was-nyg,
2026,REG,10,2026-11-15T14:30:00Z,NE,DET,SCHEDULED,FC Bayern Munich Stadium,"Munich, Germany",FOX,true,NFL.com 2026 Schedule,OFFICIAL_WEB,https://www.nfl.com/schedules/2026/by-week/week-10,nfl-2026-reg-w10-ne-det,International game; venue verified against the official NFL international-games release.
2026,REG,10,2026-11-15T18:00:00Z,KC,ATL,SCHEDULED,,,CBS,false,NFL.com 2026 Schedule,OFFICIAL_WEB,https://www.nfl.com/schedules/2026/by-week/week-10,nfl-2026-reg-w10-kc-atl,
2026,REG,10,2026-11-15T18:00:00Z,HOU,CLE,SCHEDULED,,,FOX,false,NFL.com 2026 Schedule,OFFICIAL_WEB,https://www.nfl.com/schedules/2026/by-week/week-10,nfl-2026-reg-w10-hou-cle,
2026,REG,10,2026-11-15T18:00:00Z,MIN,GB,SCHEDULED,,,FOX,false,NFL.com 2026 Schedule,OFFICIAL_WEB,https://www.nfl.com/schedules/2026/by-week/week-10,nfl-2026-reg-w10-min-gb,
2026,REG,10,2026-11-15T18:00:00Z,MIA,IND,SCHEDULED,,,CBS,false,NFL.com 2026 Schedule,OFFICIAL_WEB,https://www.nfl.com/schedules/2026/by-week/week-10,nfl-2026-reg-w10-mia-ind,
2026,REG,10,2026-11-15T18:00:00Z,CAR,NO,SCHEDULED,,,FOX,false,NFL.com 2026 Schedule,OFFICIAL_WEB,https://www.nfl.com/schedules/2026/by-week/week-10,nfl-2026-reg-w10-car-no,
2026,REG,10,2026-11-15T18:00:00Z,BUF,NYJ,SCHEDULED,,,CBS,false,NFL.com 2026 Schedule,OFFICIAL_WEB,https://www.nfl.com/schedules/2026/by-week/week-10,nfl-2026-reg-w10-buf-nyj,
2026,REG,10,2026-11-15T18:00:00Z,JAX,TEN,SCHEDULED,,,FOX,false,NFL.com 2026 Schedule,OFFICIAL_WEB,https://www.nfl.com/schedules/2026/by-week/week-10,nfl-2026-reg-w10-jax-ten,
2026,REG,10,2026-11-15T21:05:00Z,LAR,ARI,SCHEDULED,,,CBS,false,NFL.com 2026 Schedule,OFFICIAL_WEB,https://www.nfl.com/schedules/2026/by-week/week-10,nfl-2026-reg-w10-lar-ari,
2026,REG,10,2026-11-15T21:05:00Z,SEA,LV,SCHEDULED,,,CBS,false,NFL.com 2026 Schedule,OFFICIAL_WEB,https://www.nfl.com/schedules/2026/by-week/week-10,nfl-2026-reg-w10-sea-lv,
2026,REG,10,2026-11-15T21:25:00Z,SF,DAL,SCHEDULED,,,FOX,false,NFL.com 2026 Schedule,OFFICIAL_WEB,https://www.nfl.com/schedules/2026/by-week/week-10,nfl-2026-reg-w10-sf-dal,
2026,REG,10,2026-11-16T01:20:00Z,PIT,CIN,SCHEDULED,,,NBC,false,NFL.com 2026 Schedule,OFFICIAL_WEB,https://www.nfl.com/schedules/2026/by-week/week-10,nfl-2026-reg-w10-pit-cin,
2026,REG,10,2026-11-17T01:15:00Z,LAC,BAL,SCHEDULED,,,ESPN,false,NFL.com 2026 Schedule,OFFICIAL_WEB,https://www.nfl.com/schedules/2026/by-week/week-10,nfl-2026-reg-w10-lac-bal,
2026,REG,11,2026-11-20T01:15:00Z,IND,HOU,SCHEDULED,,,Prime Video,false,NFL.com 2026 Schedule,OFFICIAL_WEB,https://www.nfl.com/schedules/2026/by-week/week-11,nfl-2026-reg-w11-ind-hou,
2026,REG,11,2026-11-22T18:00:00Z,MIA,BUF,SCHEDULED,,,FOX,false,NFL.com 2026 Schedule,OFFICIAL_WEB,https://www.nfl.com/schedules/2026/by-week/week-11,nfl-2026-reg-w11-mia-buf,
2026,REG,11,2026-11-22T18:00:00Z,BAL,CAR,SCHEDULED,,,FOX,false,NFL.com 2026 Schedule,OFFICIAL_WEB,https://www.nfl.com/schedules/2026/by-week/week-11,nfl-2026-reg-w11-bal-car,
2026,REG,11,2026-11-22T18:00:00Z,NO,CHI,SCHEDULED,,,FOX,false,NFL.com 2026 Schedule,OFFICIAL_WEB,https://www.nfl.com/schedules/2026/by-week/week-11,nfl-2026-reg-w11-no-chi,
2026,REG,11,2026-11-22T18:00:00Z,TEN,DAL,SCHEDULED,,,FOX,false,NFL.com 2026 Schedule,OFFICIAL_WEB,https://www.nfl.com/schedules/2026/by-week/week-11,nfl-2026-reg-w11-ten-dal,
2026,REG,11,2026-11-22T18:00:00Z,TB,DET,SCHEDULED,,,CBS,false,NFL.com 2026 Schedule,OFFICIAL_WEB,https://www.nfl.com/schedules/2026/by-week/week-11,nfl-2026-reg-w11-tb-det,
2026,REG,11,2026-11-22T18:00:00Z,ARI,KC,SCHEDULED,,,CBS,false,NFL.com 2026 Schedule,OFFICIAL_WEB,https://www.nfl.com/schedules/2026/by-week/week-11,nfl-2026-reg-w11-ari-kc,
2026,REG,11,2026-11-22T18:00:00Z,JAX,NYG,SCHEDULED,,,CBS,false,NFL.com 2026 Schedule,OFFICIAL_WEB,https://www.nfl.com/schedules/2026/by-week/week-11,nfl-2026-reg-w11-jax-nyg,
2026,REG,11,2026-11-22T21:05:00Z,NYJ,LAC,SCHEDULED,,,FOX,false,NFL.com 2026 Schedule,OFFICIAL_WEB,https://www.nfl.com/schedules/2026/by-week/week-11,nfl-2026-reg-w11-nyj-lac,
2026,REG,11,2026-11-22T21:25:00Z,LV,DEN,SCHEDULED,,,CBS,false,NFL.com 2026 Schedule,OFFICIAL_WEB,https://www.nfl.com/schedules/2026/by-week/week-11,nfl-2026-reg-w11-lv-den,
2026,REG,11,2026-11-22T21:25:00Z,PIT,PHI,SCHEDULED,,,CBS,false,NFL.com 2026 Schedule,OFFICIAL_WEB,https://www.nfl.com/schedules/2026/by-week/week-11,nfl-2026-reg-w11-pit-phi,
2026,REG,11,2026-11-23T01:20:00Z,MIN,SF,SCHEDULED,Estadio Banorte,"Mexico City, Mexico",NBC,true,NFL.com 2026 Schedule,OFFICIAL_WEB,https://www.nfl.com/schedules/2026/by-week/week-11,nfl-2026-reg-w11-min-sf,International game; venue verified against the official NFL international-games release.
2026,REG,11,2026-11-24T01:15:00Z,CIN,WAS,SCHEDULED,,,ESPN,false,NFL.com 2026 Schedule,OFFICIAL_WEB,https://www.nfl.com/schedules/2026/by-week/week-11,nfl-2026-reg-w11-cin-was,
2026,REG,12,2026-11-26T01:00:00Z,GB,LAR,SCHEDULED,,,Netflix,false,NFL.com 2026 Schedule,OFFICIAL_WEB,https://www.nfl.com/schedules/2026/by-week/week-12,nfl-2026-reg-w12-gb-lar,
2026,REG,12,2026-11-26T18:00:00Z,CHI,DET,SCHEDULED,,,CBS,false,NFL.com 2026 Schedule,OFFICIAL_WEB,https://www.nfl.com/schedules/2026/by-week/week-12,nfl-2026-reg-w12-chi-det,
2026,REG,12,2026-11-26T21:30:00Z,PHI,DAL,SCHEDULED,,,FOX,false,NFL.com 2026 Schedule,OFFICIAL_WEB,https://www.nfl.com/schedules/2026/by-week/week-12,nfl-2026-reg-w12-phi-dal,
2026,REG,12,2026-11-27T01:20:00Z,KC,BUF,SCHEDULED,,,NBC,false,NFL.com 2026 Schedule,OFFICIAL_WEB,https://www.nfl.com/schedules/2026/by-week/week-12,nfl-2026-reg-w12-kc-buf,
2026,REG,12,2026-11-27T20:00:00Z,DEN,PIT,SCHEDULED,,,Prime Video,false,NFL.com 2026 Schedule,OFFICIAL_WEB,https://www.nfl.com/schedules/2026/by-week/week-12,nfl-2026-reg-w12-den-pit,
2026,REG,12,2026-11-29T18:00:00Z,NO,CIN,SCHEDULED,,,CBS,false,NFL.com 2026 Schedule,OFFICIAL_WEB,https://www.nfl.com/schedules/2026/by-week/week-12,nfl-2026-reg-w12-no-cin,
2026,REG,12,2026-11-29T18:00:00Z,LV,CLE,SCHEDULED,,,FOX,false,NFL.com 2026 Schedule,OFFICIAL_WEB,https://www.nfl.com/schedules/2026/by-week/week-12,nfl-2026-reg-w12-lv-cle,
2026,REG,12,2026-11-29T18:00:00Z,BAL,HOU,SCHEDULED,,,CBS,false,NFL.com 2026 Schedule,OFFICIAL_WEB,https://www.nfl.com/schedules/2026/by-week/week-12,nfl-2026-reg-w12-bal-hou,
2026,REG,12,2026-11-29T18:00:00Z,NYG,IND,SCHEDULED,,,FOX,false,NFL.com 2026 Schedule,OFFICIAL_WEB,https://www.nfl.com/schedules/2026/by-week/week-12,nfl-2026-reg-w12-nyg-ind,
2026,REG,12,2026-11-29T18:00:00Z,NYJ,MIA,SCHEDULED,,,CBS,false,NFL.com 2026 Schedule,OFFICIAL_WEB,https://www.nfl.com/schedules/2026/by-week/week-12,nfl-2026-reg-w12-nyj-mia,
2026,REG,12,2026-11-29T18:00:00Z,ATL,MIN,SCHEDULED,,,FOX,false,NFL.com 2026 Schedule,OFFICIAL_WEB,https://www.nfl.com/schedules/2026/by-week/week-12,nfl-2026-reg-w12-atl-min,
2026,REG,12,2026-11-29T21:05:00Z,TEN,JAX,SCHEDULED,,,CBS,false,NFL.com 2026 Schedule,OFFICIAL_WEB,https://www.nfl.com/schedules/2026/by-week/week-12,nfl-2026-reg-w12-ten-jax,
2026,REG,12,2026-11-29T21:25:00Z,WAS,ARI,SCHEDULED,,,FOX,false,NFL.com 2026 Schedule,OFFICIAL_WEB,https://www.nfl.com/schedules/2026/by-week/week-12,nfl-2026-reg-w12-was-ari,
2026,REG,12,2026-11-29T21:25:00Z,SEA,SF,SCHEDULED,,,FOX,false,NFL.com 2026 Schedule,OFFICIAL_WEB,https://www.nfl.com/schedules/2026/by-week/week-12,nfl-2026-reg-w12-sea-sf,
2026,REG,12,2026-11-30T01:20:00Z,NE,LAC,SCHEDULED,,,NBC,false,NFL.com 2026 Schedule,OFFICIAL_WEB,https://www.nfl.com/schedules/2026/by-week/week-12,nfl-2026-reg-w12-ne-lac,
2026,REG,12,2026-12-01T01:15:00Z,CAR,TB,SCHEDULED,,,ESPN,false,NFL.com 2026 Schedule,OFFICIAL_WEB,https://www.nfl.com/schedules/2026/by-week/week-12,nfl-2026-reg-w12-car-tb,
2026,REG,13,2026-12-04T01:15:00Z,KC,LAR,SCHEDULED,,,Prime Video,false,NFL.com 2026 Schedule,OFFICIAL_WEB,https://www.nfl.com/schedules/2026/by-week/week-13,nfl-2026-reg-w13-kc-lar,
2026,REG,13,2026-12-06T18:00:00Z,DET,ATL,SCHEDULED,,,CBS,false,NFL.com 2026 Schedule,OFFICIAL_WEB,https://www.nfl.com/schedules/2026/by-week/week-13,nfl-2026-reg-w13-det-atl,
2026,REG,13,2026-12-06T18:00:00Z,JAX,CHI,SCHEDULED,,,FOX,false,NFL.com 2026 Schedule,OFFICIAL_WEB,https://www.nfl.com/schedules/2026/by-week/week-13,nfl-2026-reg-w13-jax-chi,
2026,REG,13,2026-12-06T18:00:00Z,CIN,CLE,SCHEDULED,,,CBS,false,NFL.com 2026 Schedule,OFFICIAL_WEB,https://www.nfl.com/schedules/2026/by-week/week-13,nfl-2026-reg-w13-cin-cle,
2026,REG,13,2026-12-06T18:00:00Z,GB,NO,SCHEDULED,,,FOX,false,NFL.com 2026 Schedule,OFFICIAL_WEB,https://www.nfl.com/schedules/2026/by-week/week-13,nfl-2026-reg-w13-gb-no,
2026,REG,13,2026-12-06T18:00:00Z,SF,NYG,SCHEDULED,,,FOX,false,NFL.com 2026 Schedule,OFFICIAL_WEB,https://www.nfl.com/schedules/2026/by-week/week-13,nfl-2026-reg-w13-sf-nyg,
2026,REG,13,2026-12-06T18:00:00Z,LAC,TB,SCHEDULED,,,CBS,false,NFL.com 2026 Schedule,OFFICIAL_WEB,https://www.nfl.com/schedules/2026/by-week/week-13,nfl-2026-reg-w13-lac-tb,
2026,REG,13,2026-12-06T18:00:00Z,WAS,TEN,SCHEDULED,,,CBS,false,NFL.com 2026 Schedule,OFFICIAL_WEB,https://www.nfl.com/schedules/2026/by-week/week-13,nfl-2026-reg-w13-was-ten,
2026,REG,13,2026-12-06T21:05:00Z,PHI,ARI,SCHEDULED,,,FOX,false,NFL.com 2026 Schedule,OFFICIAL_WEB,https://www.nfl.com/schedules/2026/by-week/week-13,nfl-2026-reg-w13-phi-ari,
2026,REG,13,2026-12-06T21:05:00Z,MIA,DEN,SCHEDULED,,,FOX,false,NFL.com 2026 Schedule,OFFICIAL_WEB,https://www.nfl.com/schedules/2026/by-week/week-13,nfl-2026-reg-w13-mia-den,
2026,REG,13,2026-12-06T21:25:00Z,CAR,MIN,SCHEDULED,,,CBS,false,NFL.com 2026 Schedule,OFFICIAL_WEB,https://www.nfl.com/schedules/2026/by-week/week-13,nfl-2026-reg-w13-car-min,
2026,REG,13,2026-12-06T21:25:00Z,BUF,NE,SCHEDULED,,,CBS,false,NFL.com 2026 Schedule,OFFICIAL_WEB,https://www.nfl.com/schedules/2026/by-week/week-13,nfl-2026-reg-w13-buf-ne,
2026,REG,13,2026-12-07T01:20:00Z,HOU,PIT,SCHEDULED,,,NBC,false,NFL.com 2026 Schedule,OFFICIAL_WEB,https://www.nfl.com/schedules/2026/by-week/week-13,nfl-2026-reg-w13-hou-pit,
2026,REG,13,2026-12-08T01:15:00Z,DAL,SEA,SCHEDULED,,,ESPN,false,NFL.com 2026 Schedule,OFFICIAL_WEB,https://www.nfl.com/schedules/2026/by-week/week-13,nfl-2026-reg-w13-dal-sea,
2026,REG,14,2026-12-11T01:15:00Z,MIN,NE,SCHEDULED,,,Prime Video,false,NFL.com 2026 Schedule,OFFICIAL_WEB,https://www.nfl.com/schedules/2026/by-week/week-14,nfl-2026-reg-w14-min-ne,
2026,REG,14,2026-12-13T18:00:00Z,TB,BAL,SCHEDULED,,,FOX,false,NFL.com 2026 Schedule,OFFICIAL_WEB,https://www.nfl.com/schedules/2026/by-week/week-14,nfl-2026-reg-w14-tb-bal,
2026,REG,14,2026-12-13T18:00:00Z,NO,CAR,SCHEDULED,,,CBS,false,NFL.com 2026 Schedule,OFFICIAL_WEB,https://www.nfl.com/schedules/2026/by-week/week-14,nfl-2026-reg-w14-no-car,
2026,REG,14,2026-12-13T18:00:00Z,ATL,CLE,SCHEDULED,,,CBS,false,NFL.com 2026 Schedule,OFFICIAL_WEB,https://www.nfl.com/schedules/2026/by-week/week-14,nfl-2026-reg-w14-atl-cle,
2026,REG,14,2026-12-13T18:00:00Z,TEN,DET,SCHEDULED,,,FOX,false,NFL.com 2026 Schedule,OFFICIAL_WEB,https://www.nfl.com/schedules/2026/by-week/week-14,nfl-2026-reg-w14-ten-det,
2026,REG,14,2026-12-13T18:00:00Z,CHI,MIA,SCHEDULED,,,CBS,false,NFL.com 2026 Schedule,OFFICIAL_WEB,https://www.nfl.com/schedules/2026/by-week/week-14,nfl-2026-reg-w14-chi-mia,
2026,REG,14,2026-12-13T18:00:00Z,DEN,NYJ,SCHEDULED,,,CBS,false,NFL.com 2026 Schedule,OFFICIAL_WEB,https://www.nfl.com/schedules/2026/by-week/week-14,nfl-2026-reg-w14-den-nyj,
2026,REG,14,2026-12-13T18:00:00Z,IND,PHI,SCHEDULED,,,FOX,false,NFL.com 2026 Schedule,OFFICIAL_WEB,https://www.nfl.com/schedules/2026/by-week/week-14,nfl-2026-reg-w14-ind-phi,
2026,REG,14,2026-12-13T18:00:00Z,HOU,WAS,SCHEDULED,,,CBS,false,NFL.com 2026 Schedule,OFFICIAL_WEB,https://www.nfl.com/schedules/2026/by-week/week-14,nfl-2026-reg-w14-hou-was,
2026,REG,14,2026-12-13T21:05:00Z,LAC,LV,SCHEDULED,,,CBS,false,NFL.com 2026 Schedule,OFFICIAL_WEB,https://www.nfl.com/schedules/2026/by-week/week-14,nfl-2026-reg-w14-lac-lv,
2026,REG,14,2026-12-13T21:25:00Z,KC,CIN,SCHEDULED,,,FOX,false,NFL.com 2026 Schedule,OFFICIAL_WEB,https://www.nfl.com/schedules/2026/by-week/week-14,nfl-2026-reg-w14-kc-cin,
2026,REG,14,2026-12-13T21:25:00Z,NYG,SEA,SCHEDULED,,,FOX,false,NFL.com 2026 Schedule,OFFICIAL_WEB,https://www.nfl.com/schedules/2026/by-week/week-14,nfl-2026-reg-w14-nyg-sea,
2026,REG,14,2026-12-13T21:25:00Z,LAR,SF,SCHEDULED,,,FOX,false,NFL.com 2026 Schedule,OFFICIAL_WEB,https://www.nfl.com/schedules/2026/by-week/week-14,nfl-2026-reg-w14-lar-sf,
2026,REG,14,2026-12-14T01:20:00Z,BUF,GB,SCHEDULED,,,NBC,false,NFL.com 2026 Schedule,OFFICIAL_WEB,https://www.nfl.com/schedules/2026/by-week/week-14,nfl-2026-reg-w14-buf-gb,
2026,REG,14,2026-12-15T01:15:00Z,PIT,JAX,SCHEDULED,,,ESPN,false,NFL.com 2026 Schedule,OFFICIAL_WEB,https://www.nfl.com/schedules/2026/by-week/week-14,nfl-2026-reg-w14-pit-jax,
2026,REG,15,2026-12-18T01:15:00Z,SF,LAC,SCHEDULED,,,Prime Video,false,NFL.com 2026 Schedule,OFFICIAL_WEB,https://www.nfl.com/schedules/2026/by-week/week-15,nfl-2026-reg-w15-sf-lac,
2026,REG,15,2026-12-19T22:00:00Z,SEA,PHI,SCHEDULED,,,FOX,false,NFL.com 2026 Schedule,OFFICIAL_WEB,https://www.nfl.com/schedules/2026/by-week/week-15,nfl-2026-reg-w15-sea-phi,
2026,REG,15,2026-12-20T01:20:00Z,CHI,BUF,SCHEDULED,,,CBS,false,NFL.com 2026 Schedule,OFFICIAL_WEB,https://www.nfl.com/schedules/2026/by-week/week-15,nfl-2026-reg-w15-chi-buf,
2026,REG,15,2026-12-20T18:00:00Z,CIN,CAR,SCHEDULED,,,FOX,false,NFL.com 2026 Schedule,OFFICIAL_WEB,https://www.nfl.com/schedules/2026/by-week/week-15,nfl-2026-reg-w15-cin-car,
2026,REG,15,2026-12-20T18:00:00Z,MIA,GB,SCHEDULED,,,FOX,false,NFL.com 2026 Schedule,OFFICIAL_WEB,https://www.nfl.com/schedules/2026/by-week/week-15,nfl-2026-reg-w15-mia-gb,
2026,REG,15,2026-12-20T18:00:00Z,JAX,HOU,SCHEDULED,,,CBS,false,NFL.com 2026 Schedule,OFFICIAL_WEB,https://www.nfl.com/schedules/2026/by-week/week-15,nfl-2026-reg-w15-jax-hou,
2026,REG,15,2026-12-20T18:00:00Z,CLE,NYG,SCHEDULED,,,CBS,false,NFL.com 2026 Schedule,OFFICIAL_WEB,https://www.nfl.com/schedules/2026/by-week/week-15,nfl-2026-reg-w15-cle-nyg,
2026,REG,15,2026-12-20T18:00:00Z,BAL,PIT,SCHEDULED,,,CBS,false,NFL.com 2026 Schedule,OFFICIAL_WEB,https://www.nfl.com/schedules/2026/by-week/week-15,nfl-2026-reg-w15-bal-pit,
2026,REG,15,2026-12-20T18:00:00Z,NO,TB,SCHEDULED,,,FOX,false,NFL.com 2026 Schedule,OFFICIAL_WEB,https://www.nfl.com/schedules/2026/by-week/week-15,nfl-2026-reg-w15-no-tb,
2026,REG,15,2026-12-20T18:00:00Z,IND,TEN,SCHEDULED,,,CBS,false,NFL.com 2026 Schedule,OFFICIAL_WEB,https://www.nfl.com/schedules/2026/by-week/week-15,nfl-2026-reg-w15-ind-ten,
2026,REG,15,2026-12-20T18:00:00Z,ATL,WAS,SCHEDULED,,,FOX,false,NFL.com 2026 Schedule,OFFICIAL_WEB,https://www.nfl.com/schedules/2026/by-week/week-15,nfl-2026-reg-w15-atl-was,
2026,REG,15,2026-12-20T21:05:00Z,NYJ,ARI,SCHEDULED,,,FOX,false,NFL.com 2026 Schedule,OFFICIAL_WEB,https://www.nfl.com/schedules/2026/by-week/week-15,nfl-2026-reg-w15-nyj-ari,
2026,REG,15,2026-12-20T21:25:00Z,DAL,LAR,SCHEDULED,,,CBS,false,NFL.com 2026 Schedule,OFFICIAL_WEB,https://www.nfl.com/schedules/2026/by-week/week-15,nfl-2026-reg-w15-dal-lar,
2026,REG,15,2026-12-20T21:25:00Z,DEN,LV,SCHEDULED,,,CBS,false,NFL.com 2026 Schedule,OFFICIAL_WEB,https://www.nfl.com/schedules/2026/by-week/week-15,nfl-2026-reg-w15-den-lv,
2026,REG,15,2026-12-21T01:20:00Z,DET,MIN,SCHEDULED,,,NBC,false,NFL.com 2026 Schedule,OFFICIAL_WEB,https://www.nfl.com/schedules/2026/by-week/week-15,nfl-2026-reg-w15-det-min,
2026,REG,15,2026-12-22T01:15:00Z,NE,KC,SCHEDULED,,,ESPN,false,NFL.com 2026 Schedule,OFFICIAL_WEB,https://www.nfl.com/schedules/2026/by-week/week-15,nfl-2026-reg-w15-ne-kc,
2026,REG,16,2026-12-25T01:15:00Z,HOU,PHI,SCHEDULED,,,Prime Video,false,NFL.com 2026 Schedule,OFFICIAL_WEB,https://www.nfl.com/schedules/2026/by-week/week-16,nfl-2026-reg-w16-hou-phi,
2026,REG,16,2026-12-25T18:00:00Z,GB,CHI,SCHEDULED,,,Netflix,false,NFL.com 2026 Schedule,OFFICIAL_WEB,https://www.nfl.com/schedules/2026/by-week/week-16,nfl-2026-reg-w16-gb-chi,
2026,REG,16,2026-12-25T21:30:00Z,BUF,DEN,SCHEDULED,,,Netflix,false,NFL.com 2026 Schedule,OFFICIAL_WEB,https://www.nfl.com/schedules/2026/by-week/week-16,nfl-2026-reg-w16-buf-den,
2026,REG,16,2026-12-26T01:15:00Z,LAR,SEA,SCHEDULED,,,FOX,false,NFL.com 2026 Schedule,OFFICIAL_WEB,https://www.nfl.com/schedules/2026/by-week/week-16,nfl-2026-reg-w16-lar-sea,
2026,REG,16,2026-12-27T18:00:00Z,CLE,BAL,SCHEDULED,,,CBS,false,NFL.com 2026 Schedule,OFFICIAL_WEB,https://www.nfl.com/schedules/2026/by-week/week-16,nfl-2026-reg-w16-cle-bal,
2026,REG,16,2026-12-27T18:00:00Z,LAC,MIA,SCHEDULED,,,FOX,false,NFL.com 2026 Schedule,OFFICIAL_WEB,https://www.nfl.com/schedules/2026/by-week/week-16,nfl-2026-reg-w16-lac-mia,
2026,REG,16,2026-12-27T18:00:00Z,ARI,NO,SCHEDULED,,,FOX,false,NFL.com 2026 Schedule,OFFICIAL_WEB,https://www.nfl.com/schedules/2026/by-week/week-16,nfl-2026-reg-w16-ari-no,
2026,REG,16,2026-12-27T18:00:00Z,NE,NYJ,SCHEDULED,,,CBS,false,NFL.com 2026 Schedule,OFFICIAL_WEB,https://www.nfl.com/schedules/2026/by-week/week-16,nfl-2026-reg-w16-ne-nyj,
2026,REG,16,2026-12-27T21:05:00Z,TEN,LV,SCHEDULED,,,FOX,false,NFL.com 2026 Schedule,OFFICIAL_WEB,https://www.nfl.com/schedules/2026/by-week/week-16,nfl-2026-reg-w16-ten-lv,
2026,REG,16,2026-12-27T21:25:00Z,SF,KC,SCHEDULED,,,CBS,false,NFL.com 2026 Schedule,OFFICIAL_WEB,https://www.nfl.com/schedules/2026/by-week/week-16,nfl-2026-reg-w16-sf-kc,
2026,REG,16,2026-12-28T01:20:00Z,JAX,DAL,SCHEDULED,,,NBC,false,NFL.com 2026 Schedule,OFFICIAL_WEB,https://www.nfl.com/schedules/2026/by-week/week-16,nfl-2026-reg-w16-jax-dal,
2026,REG,16,2026-12-29T01:15:00Z,NYG,DET,SCHEDULED,,,ESPN,false,NFL.com 2026 Schedule,OFFICIAL_WEB,https://www.nfl.com/schedules/2026/by-week/week-16,nfl-2026-reg-w16-nyg-det,
2026,REG,17,2027-01-01T01:15:00Z,BAL,CIN,SCHEDULED,,,Prime Video,false,NFL.com 2026 Schedule,OFFICIAL_WEB,https://www.nfl.com/schedules/2026/by-week/week-17,nfl-2026-reg-w17-bal-cin,
2026,REG,17,2027-01-03T18:00:00Z,NO,ATL,SCHEDULED,,,FOX,false,NFL.com 2026 Schedule,OFFICIAL_WEB,https://www.nfl.com/schedules/2026/by-week/week-17,nfl-2026-reg-w17-no-atl,
2026,REG,17,2027-01-03T18:00:00Z,SEA,CAR,SCHEDULED,,,FOX,false,NFL.com 2026 Schedule,OFFICIAL_WEB,https://www.nfl.com/schedules/2026/by-week/week-17,nfl-2026-reg-w17-sea-car,
2026,REG,17,2027-01-03T18:00:00Z,IND,CLE,SCHEDULED,,,FOX,false,NFL.com 2026 Schedule,OFFICIAL_WEB,https://www.nfl.com/schedules/2026/by-week/week-17,nfl-2026-reg-w17-ind-cle,
2026,REG,17,2027-01-03T18:00:00Z,NYG,DAL,SCHEDULED,,,FOX,false,NFL.com 2026 Schedule,OFFICIAL_WEB,https://www.nfl.com/schedules/2026/by-week/week-17,nfl-2026-reg-w17-nyg-dal,
2026,REG,17,2027-01-03T18:00:00Z,BUF,MIA,SCHEDULED,,,CBS,false,NFL.com 2026 Schedule,OFFICIAL_WEB,https://www.nfl.com/schedules/2026/by-week/week-17,nfl-2026-reg-w17-buf-mia,
2026,REG,17,2027-01-03T18:00:00Z,MIN,NYJ,SCHEDULED,,,CBS,false,NFL.com 2026 Schedule,OFFICIAL_WEB,https://www.nfl.com/schedules/2026/by-week/week-17,nfl-2026-reg-w17-min-nyj,
2026,REG,17,2027-01-03T18:00:00Z,PIT,TEN,SCHEDULED,,,CBS,false,NFL.com 2026 Schedule,OFFICIAL_WEB,https://www.nfl.com/schedules/2026/by-week/week-17,nfl-2026-reg-w17-pit-ten,
2026,REG,17,2027-01-03T21:05:00Z,LV,ARI,SCHEDULED,,,CBS,false,NFL.com 2026 Schedule,OFFICIAL_WEB,https://www.nfl.com/schedules/2026/by-week/week-17,nfl-2026-reg-w17-lv-ari,
2026,REG,17,2027-01-03T21:25:00Z,DET,CHI,SCHEDULED,,,FOX,false,NFL.com 2026 Schedule,OFFICIAL_WEB,https://www.nfl.com/schedules/2026/by-week/week-17,nfl-2026-reg-w17-det-chi,
2026,REG,17,2027-01-04T01:20:00Z,PHI,SF,SCHEDULED,,,NBC,false,NFL.com 2026 Schedule,OFFICIAL_WEB,https://www.nfl.com/schedules/2026/by-week/week-17,nfl-2026-reg-w17-phi-sf,
2026,REG,17,2027-01-05T01:15:00Z,HOU,GB,SCHEDULED,,,ESPN,false,NFL.com 2026 Schedule,OFFICIAL_WEB,https://www.nfl.com/schedules/2026/by-week/week-17,nfl-2026-reg-w17-hou-gb,
2026,REG,16,TBD,TB,ATL,SCHEDULED,,,,false,NFL.com 2026 Schedule,OFFICIAL_WEB,https://www.nfl.com/schedules/2026/by-week/week-16,nfl-2026-reg-w16-tb-atl,Official kickoff TBD; ESPN cross-check also lists TBD.
2026,REG,16,TBD,CIN,IND,SCHEDULED,,,,false,NFL.com 2026 Schedule,OFFICIAL_WEB,https://www.nfl.com/schedules/2026/by-week/week-16,nfl-2026-reg-w16-cin-ind,Official kickoff TBD; ESPN cross-check also lists TBD.
2026,REG,16,TBD,WAS,MIN,SCHEDULED,,,,false,NFL.com 2026 Schedule,OFFICIAL_WEB,https://www.nfl.com/schedules/2026/by-week/week-16,nfl-2026-reg-w16-was-min,Official kickoff TBD; ESPN cross-check also lists TBD.
2026,REG,16,TBD,CAR,PIT,SCHEDULED,,,,false,NFL.com 2026 Schedule,OFFICIAL_WEB,https://www.nfl.com/schedules/2026/by-week/week-16,nfl-2026-reg-w16-car-pit,Official kickoff TBD; ESPN cross-check also lists TBD.
2026,REG,17,TBD,WAS,JAX,SCHEDULED,,,,false,NFL.com 2026 Schedule,OFFICIAL_WEB,https://www.nfl.com/schedules/2026/by-week/week-17,nfl-2026-reg-w17-was-jax,Official kickoff TBD; ESPN cross-check also lists TBD.
2026,REG,17,TBD,KC,LAC,SCHEDULED,,,,false,NFL.com 2026 Schedule,OFFICIAL_WEB,https://www.nfl.com/schedules/2026/by-week/week-17,nfl-2026-reg-w17-kc-lac,Official kickoff TBD; ESPN cross-check also lists TBD.
2026,REG,17,TBD,DEN,NE,SCHEDULED,,,,false,NFL.com 2026 Schedule,OFFICIAL_WEB,https://www.nfl.com/schedules/2026/by-week/week-17,nfl-2026-reg-w17-den-ne,Official kickoff TBD; ESPN cross-check also lists TBD.
2026,REG,17,TBD,LAR,TB,SCHEDULED,,,,false,NFL.com 2026 Schedule,OFFICIAL_WEB,https://www.nfl.com/schedules/2026/by-week/week-17,nfl-2026-reg-w17-lar-tb,Official kickoff TBD; ESPN cross-check also lists TBD.
2026,REG,18,TBD,SF,ARI,SCHEDULED,,,,false,NFL.com 2026 Schedule,OFFICIAL_WEB,https://www.nfl.com/schedules/2026/by-week/week-18,nfl-2026-reg-w18-sf-ari,Official kickoff TBD; ESPN cross-check also lists TBD.
2026,REG,18,TBD,PIT,BAL,SCHEDULED,,,,false,NFL.com 2026 Schedule,OFFICIAL_WEB,https://www.nfl.com/schedules/2026/by-week/week-18,nfl-2026-reg-w18-pit-bal,Official kickoff TBD; ESPN cross-check also lists TBD.
2026,REG,18,TBD,NYJ,BUF,SCHEDULED,,,,false,NFL.com 2026 Schedule,OFFICIAL_WEB,https://www.nfl.com/schedules/2026/by-week/week-18,nfl-2026-reg-w18-nyj-buf,Official kickoff TBD; ESPN cross-check also lists TBD.
2026,REG,18,TBD,ATL,CAR,SCHEDULED,,,,false,NFL.com 2026 Schedule,OFFICIAL_WEB,https://www.nfl.com/schedules/2026/by-week/week-18,nfl-2026-reg-w18-atl-car,Official kickoff TBD; ESPN cross-check also lists TBD.
2026,REG,18,TBD,CLE,CIN,SCHEDULED,,,,false,NFL.com 2026 Schedule,OFFICIAL_WEB,https://www.nfl.com/schedules/2026/by-week/week-18,nfl-2026-reg-w18-cle-cin,Official kickoff TBD; ESPN cross-check also lists TBD.
2026,REG,18,TBD,LAC,DEN,SCHEDULED,,,,false,NFL.com 2026 Schedule,OFFICIAL_WEB,https://www.nfl.com/schedules/2026/by-week/week-18,nfl-2026-reg-w18-lac-den,Official kickoff TBD; ESPN cross-check also lists TBD.
2026,REG,18,TBD,DET,GB,SCHEDULED,,,,false,NFL.com 2026 Schedule,OFFICIAL_WEB,https://www.nfl.com/schedules/2026/by-week/week-18,nfl-2026-reg-w18-det-gb,Official kickoff TBD; ESPN cross-check also lists TBD.
2026,REG,18,TBD,TEN,HOU,SCHEDULED,,,,false,NFL.com 2026 Schedule,OFFICIAL_WEB,https://www.nfl.com/schedules/2026/by-week/week-18,nfl-2026-reg-w18-ten-hou,Official kickoff TBD; ESPN cross-check also lists TBD.
2026,REG,18,TBD,JAX,IND,SCHEDULED,,,,false,NFL.com 2026 Schedule,OFFICIAL_WEB,https://www.nfl.com/schedules/2026/by-week/week-18,nfl-2026-reg-w18-jax-ind,Official kickoff TBD; ESPN cross-check also lists TBD.
2026,REG,18,TBD,LV,KC,SCHEDULED,,,,false,NFL.com 2026 Schedule,OFFICIAL_WEB,https://www.nfl.com/schedules/2026/by-week/week-18,nfl-2026-reg-w18-lv-kc,Official kickoff TBD; ESPN cross-check also lists TBD.
2026,REG,18,TBD,SEA,LAR,SCHEDULED,,,,false,NFL.com 2026 Schedule,OFFICIAL_WEB,https://www.nfl.com/schedules/2026/by-week/week-18,nfl-2026-reg-w18-sea-lar,Official kickoff TBD; ESPN cross-check also lists TBD.
2026,REG,18,TBD,CHI,MIN,SCHEDULED,,,,false,NFL.com 2026 Schedule,OFFICIAL_WEB,https://www.nfl.com/schedules/2026/by-week/week-18,nfl-2026-reg-w18-chi-min,Official kickoff TBD; ESPN cross-check also lists TBD.
2026,REG,18,TBD,MIA,NE,SCHEDULED,,,,false,NFL.com 2026 Schedule,OFFICIAL_WEB,https://www.nfl.com/schedules/2026/by-week/week-18,nfl-2026-reg-w18-mia-ne,Official kickoff TBD; ESPN cross-check also lists TBD.
2026,REG,18,TBD,TB,NO,SCHEDULED,,,,false,NFL.com 2026 Schedule,OFFICIAL_WEB,https://www.nfl.com/schedules/2026/by-week/week-18,nfl-2026-reg-w18-tb-no,Official kickoff TBD; ESPN cross-check also lists TBD.
2026,REG,18,TBD,PHI,NYG,SCHEDULED,,,,false,NFL.com 2026 Schedule,OFFICIAL_WEB,https://www.nfl.com/schedules/2026/by-week/week-18,nfl-2026-reg-w18-phi-nyg,Official kickoff TBD; ESPN cross-check also lists TBD.
2026,REG,18,TBD,DAL,WAS,SCHEDULED,,,,false,NFL.com 2026 Schedule,OFFICIAL_WEB,https://www.nfl.com/schedules/2026/by-week/week-18,nfl-2026-reg-w18-dal-was,Official kickoff TBD; ESPN cross-check also lists TBD.
